,gene_name,gex_predicted
0,CAPN9,0.1803522679385693
1,ILF2,0.7860825820911258
2,ST6GALNAC5,0.2674471650686081
3,MROH7-TTC4,0.1413942668314787
4,AGO4,0.08766847154395352
5,AKR1A1,0.6133534032424649
6,LRRC8B,0.5188841637187461
7,EFNA3,0.8100340175537929
8,GSTM3,0.31024414564625136
9,CRYBG2,0.4356810293466694
10,CCDC24,0.822793944006714
11,ARHGEF2,0.3898195209707569
12,SYNC,0.9432489262748436
13,ABCA4,0.08724430633396729
14,LYST,0.7339445635440753
15,XCL2,0.5079775118695096
16,RBM15,0.9136759004116224
17,JAK1,0.6023182244637417
18,SMAP2,0.34780762124226183
19,PTPN7,0.8741820688449137
20,IQGAP3,0.9223503059474831
21,IFI16,0.2903480062521898
22,PIGV,0.13838184023105715
23,IRF6,0.29177550957987397
24,TMEM53,0.28425938990407873
25,C1QTNF12,0.6928903322517904
26,CLCNKA,0.18912738264945572
27,SESN2,0.05680577821689736
28,HPCA,0.040784049993092375
29,PRAMEF13,0.11564866946527741
30,IPP,0.01742283124929056
31,SELE,0.648290304044526
32,SETDB1,0.49429298229689145
33,TNFRSF9,0.1726526649889878
34,PRRC2C,0.40245108087144277
35,TAL1,0.09684850475278384
36,PPM1J,0.10977329808907066
37,ATP1A2,0.6121308971965878
38,CDC20,0.9366119444530111
39,MARK1,0.4963893772248835
40,RNF19B,0.5540743637188311
41,CPTP,0.8233473336357572
42,ADORA1,0.43211423651678504
43,PMF1-BGLAP,0.4415951451525326
44,DNAH14,0.10272130096303178
45,UBE2U,0.8198610242823704
46,CEP104,0.49152825822399393
47,DARS2,0.3499505843820143
48,RNF207,0.2302307199989594
49,BMP8B,0.7943008672994297
50,VTCN1,0.300271759521482
51,GABPB2,0.9601092600496859
52,NOS1AP,0.18107231367066667
53,EPHA10,0.06055126254872878
54,SRGAP2,0.5405346566596861
55,SZT2,0.8908685170186781
56,NR5A2,0.8262528583252109
57,PMVK,0.4479380991256564
58,LHX8,0.8112708730805964
59,LCE3C,0.4969562493809455
60,OR10R2,0.8390972922850959
61,RNF115,0.034570462768496735
62,LURAP1,0.49402287368972453
63,NENF,0.9427167966963698
64,TMEM52,0.0019857223960243475
65,SRP9,0.49198304465195386
66,MIIP,0.1992844257721258
67,P3R3URF,0.4836400707693028
68,WASF2,0.4872649150955607
69,SMCP,0.14633295565242688
70,GNB1,0.16917146174977427
71,ARID1A,0.35051033838969503
72,RIMKLA,0.9641046303111033
73,NHLH2,0.2605213014888328
74,ST7L,0.6741163473439277
75,CYP2J2,0.7493510808811983
76,PRRX1,0.7571300041574909
77,ZNF436,0.9112925495447153
78,C1orf56,0.5108963129381607
79,DDI2,0.29454515431086625
80,MTOR,0.23275417167920542
81,PRAMEF5,0.24626223220793397
82,TNNI3K,0.8283837846497429
83,NMNAT2,0.3747725935021903
84,YTHDF2,0.922682184194096
85,SFT2D2,0.25715853949237233
86,FAM71A,0.7595298975958324
87,FAAP20,0.6187878905304213
88,SLC30A7,0.5632478627467209
89,TLCD4-RWDD3,0.7127644090857754
90,RFX5,0.7449664194523922
91,C1orf122,0.6356704379934603
92,CDA,0.54912213941516
93,RPTN,0.7684793684683139
94,FAM229A,0.10983642323412002
95,CD55,0.5140900132774442
96,MCOLN2,0.24869041381437362
97,RASAL2,0.9617245426149248
98,MEX3A,0.7607827694683331
99,TGFBR3,0.1847694222424513
100,PDIK1L,0.2691155590205413
101,STUM,0.855873926882315
102,NDUFS5,0.38210844376196507
103,CHTOP,0.5849324480901614
104,ALG14,0.8491586520801598
105,CD34,0.36289565348105113
106,PTGFR,0.9824967246669983
107,KCNA10,0.07134414761066632
108,FCMR,0.9141784859073288
109,LYPLAL1,0.5730051837435621
110,RABGGTB,0.6488542105108354
111,NFIA,0.29352911301454343
112,ADSS2,0.9284059064674439
113,PPIAL4E,0.7490416375737267
114,FMO3,0.6216440637050871
115,NECTIN4,0.556801132941746
116,SMPDL3B,0.7972009038469621
117,ITGA10,0.041821370284046755
118,H3-4,0.6843907539843528
119,AGT,0.9720262415853325
120,H3C14,0.57274024802148
121,RBM34,0.8398468300684138
122,TTLL10,0.4621577393913906
123,SPRR2G,0.14868038173614528
124,FOXD2,0.7522431344533287
125,EXOSC10,0.0186710114205213
126,TAGLN2,0.8066073480788392
127,IGSF9,0.6847194281219131
128,CCDC163,0.4243316820016384
129,ZC3H11A,0.6686190506571614
130,USH2A,0.519251089817516
131,F3,0.9218309850812126
132,ZNF670-ZNF695,0.6819265778960143
133,S100A16,0.671321981094819
134,SPATA45,0.8707422120792206
135,FCER1G,0.3089880583429162
136,HEYL,0.9407203854779301
137,RBBP5,0.7861260291111237
138,JMJD4,0.7082379796798409
139,MLLT11,0.7234758015398618
140,FAM110D,0.848428690877482
141,MMP23B,0.5619796909875705
142,TMEM51,0.14070607424929915
143,SLC26A9,0.31718099790098164
144,VAV3,0.7730558423938633
145,NTPCR,0.30056680877113007
146,STIL,0.07035330375014381
147,ZNF593OS,0.2928524557289762
148,ARF1,0.06554708500767015
149,PCSK9,0.9281267001094128
150,TRAPPC3,0.007826196070803593
151,GLUL,0.8653874359520619
152,CD5L,0.3327936622111842
153,DISP3,0.8096438814636769
154,SLC30A2,0.5964439584725318
155,LYSMD1,0.6582938425283528
156,MPZ,0.0579426369889956
157,OR6Y1,0.9259094751402555
158,PEX19,0.4410855630901037
159,OR2M3,0.7086329913528643
160,KIAA2013,0.0008327339470000084
161,DNAJC16,0.26821883848771866
162,HDAC1,0.13640024044788557
163,KCNT2,0.90338569288137
164,SH2D2A,0.4397543796120478
165,IL22RA1,0.26888049536685166
166,CSMD2,0.5738401997908037
167,NR1I3,0.03623576745248536
168,LCE2C,0.43203992736838825
169,TDRKH,0.4461553103218304
170,PLOD1,0.6959140283219782
171,SLC41A1,0.6146159424170015
172,C8A,0.9577971253109016
173,RXRG,0.38229711406477795
174,RGL1,0.505323446211685
175,PRKCZ,0.5342564264870354
176,ZBTB18,0.816078895596028
177,RHD,0.5730841485108213
178,SEMA6C,0.925848904677322
179,RHOU,0.8075472424303375
180,FOXD3,0.8983078101451498
181,ZNF648,0.05121176885325318
182,MORN1,0.5178300687492545
183,GOLPH3L,0.1539273026442357
184,TMEM35B,0.5583673654094189
185,PRKACB,0.32023460888239397
186,OXCT2,0.5351439099463894
187,PARP1,0.5301790100013207
188,S100A5,0.7575590002971369
189,THRAP3,0.5628905217015766
190,UHMK1,0.06459809241956338
191,NECAP2,0.11038911133819074
192,NBPF3,0.4173391276483187
193,H3C13,0.778241955315689
194,LYPD8,0.7416462937913626
195,C1orf35,0.5033125747121744
196,HMGN2,0.5406684047004366
197,CDC42,0.4716406391977549
198,RPA2,0.6464414985837084
199,ZMYM4,0.41410443781801476
200,RAVER2,0.3997142617805094
201,CTRC,0.8660553427985193
202,RIIAD1,0.621807023403029
203,PLA2G5,0.8908359926968697
204,NOTCH2NLA,0.3056831414734791
205,PRDX6,0.09291103971799419
206,IBA57,0.37041120069800826
207,G0S2,0.5829558905601835
208,TAS1R2,0.3422643462506423
209,FAM76A,0.24827898174248708
210,PATJ,0.5571391153369346
211,SRGAP2C,0.02816272253083818
212,FMO2,0.23755421005242627
213,ZNF670,0.5441525112242277
214,MAN1C1,0.24786780776399886
215,OSCP1,0.011524436465150889
216,SPATA46,0.7138409013416923
217,ATP1A4,0.8310196985377999
218,LPGAT1,0.5932112437230469
219,C1orf162,0.0945139314732878
220,HSD3B2,0.2989697822479035
221,OR2L3,0.511338128679718
222,B4GALT2,0.0936092221086966
223,PGBD2,0.34769741716687963
224,ORC1,0.19424900716578264
225,GPR61,0.2989168887149506
226,XPR1,0.5825989359591247
227,PRAMEF25,0.9377201824522993
228,LACTBL1,0.1066532195168226
229,PAQR6,0.8345511115211293
230,S100A10,0.45479133688452267
231,OLFML2B,0.4372495014708735
232,KIFAP3,0.01901486685385878
233,TOE1,0.9180754771763947
234,ZFP69B,0.7449826482989643
235,TAFA3,0.9374265573805555
236,UCK2,0.4082322846276052
237,BOLA1,0.37167463727060635
238,KCTD3,0.7589068801947096
239,ACAP3,0.6309707361153032
240,MT1HL1,0.7700987709354722
241,RPL22,0.567436577410712
242,ACTN2,0.6315245998252753
243,CLSTN1,0.9615232323119695
244,FAM43B,0.45021789495409215
245,COX20,0.935207860535133
246,PLA2G4A,0.28626658249317405
247,NOL9,0.6973290565546816
248,ESRRG,0.7698377064087337
249,BROX,0.8984468265881003
250,COPA,0.33308822803973437
251,PYGO2,0.8328703062554689
252,PRR9,0.9731692123311356
253,UQCRHL,0.0933666219298126
254,HMGB4,0.35288028606638555
255,RHBDL2,0.08642391416579254
256,FH,0.4652830286246089
257,CCDC17,0.23320453372813632
258,MTF1,0.07950546539369918
259,SELL,0.3112672310311383
260,HPDL,0.6778664922934384
261,GNG5,0.7436480653901744
262,GADD45A,0.6166524785290122
263,PPIH,0.1480500741258236
264,TMEM88B,0.6113528533333307
265,CTPS1,0.7902701870896095
266,EPS15,0.5289523778792203
267,KPRP,0.40061022226214904
268,LEFTY2,0.04840730941262239
269,TCHHL1,0.6798699240495267
270,GJB5,0.3795650042769554
271,FMO1,0.46040960936798603
272,DNAJC11,0.7496389973816548
273,STX12,0.16580377265714996
274,WDR26,0.11848824993189866
275,YARS1,0.8754138311685427
276,OR13G1,0.19930461036438785
277,GPA33,0.259684801644375
278,TAF1A,0.3874285954396446
279,ERMAP,0.4689601532540525
280,SLAMF8,0.3890855157695975
281,LRRC52,0.30310194226088827
282,IGSF21,0.8351876279548751
283,PPOX,0.5147262293236233
284,RORC,0.17033393155953347
285,AMY2B,0.2477347787700438
286,CA6,0.558194542710457
287,LCE3D,0.5148358308466205
288,SHISA4,0.6440484596292451
289,ZBTB40,0.6964863550579906
290,TXLNA,0.07928372446676313
291,LCE1E,0.6077586289281475
292,RSRP1,0.7052381010779868
293,H2AC20,0.2565782467275489
294,PDZK1IP1,0.6123328532985026
295,NBPF26,0.043440575761507505
296,B4GALT3,0.5147926701827666
297,SLC25A44,0.23347974467894395
298,CASQ1,0.3686510521716454
299,TMEM81,0.7372539399094495
300,KCNA3,0.4060142702465459
301,HSPB11,0.938396072401248
302,KHDRBS1,0.07212845006166779
303,USP33,0.7969652333769305
304,NAV1,0.18092667157058584
305,CD1C,0.25127517779980724
306,SPTA1,0.9192088482438234
307,DCLRE1B,0.666396779866779
308,NASP,0.677504019692511
309,MSH4,0.5868986864712873
310,OPN3,0.20528078640985215
311,DCAF8,0.3094395222756745
312,MRPL24,0.3068607071091486
313,TEX46,0.34807896644106995
314,IFNLR1,0.5360318500309469
315,MTF2,0.05504072042450325
316,PLD5,0.5077926373512374
317,PTPN22,0.03138853972589695
318,SNX7,0.6618893427782744
319,SDE2,0.022369967825028092
320,CDCA8,0.8824781526140403
321,SLAMF7,0.7997451903865355
322,KRTCAP2,0.1537799090589984
323,SPOCD1,0.9918712551734777
324,GREM2,0.970315499687087
325,FNDC10,0.9609097523915874
326,LRRC40,0.3098112881447338
327,LMX1A,0.9800826894017572
328,MAD2L2,0.5437187015422457
329,H3C15,0.3584326189519661
330,GUK1,0.4610014117060327
331,ELAVL4,0.009936510099278872
332,AHCYL1,0.004163897231079461
333,OR6K3,0.39112548503827005
334,SGIP1,0.4701927599628387
335,ZBTB41,0.5255912563764014
336,KDM1A,0.21363347504788965
337,RAB13,0.20286932076929964
338,HIPK1,0.46107116313098584
339,MUTYH,0.9993781716971666
340,SYPL2,0.5494543162244956
341,FUCA1,0.014527893981047368
342,KCNJ10,0.7363369844198044
343,ARHGEF16,0.015004885476367136
344,HECTD3,0.5194435835245518
345,ATAD3C,0.31861732437608736
346,GPR89B,0.5892347784813944
347,TRIM11,0.33686956495223963
348,CNIH3,0.4085323882857207
349,AHDC1,0.6847996447258353
350,FMN2,0.10023260534858758
351,TM2D1,0.7400790654509729
352,SLC35A3,0.09074376791672856
353,GATAD2B,0.6794821285402903
354,CYP4A22,0.30716428438790355
355,NTNG1,0.760141218926279
356,KIF21B,0.639051394559694
357,RGS21,0.5178333118650482
358,WDR47,0.7646354620167144
359,SH3BP5L,0.8538589895877963
360,TSPAN2,0.7102379228484783
361,BTBD19,0.11547378891793991
362,RNF220,0.9748263272080954
363,STRIP1,0.7039472337630969
364,DUSP10,0.9583146679927086
365,VANGL1,0.7857292013658885
366,C1orf94,0.9663839723333544
367,KIF17,0.07829017482025102
368,SRGAP2B,0.0832897778089895
369,DNAI3,0.46018699238094807
370,CACHD1,0.06349850119883604
371,TPM3,0.5861072371315407
372,PKP1,0.7322347341144034
373,PRDM2,0.7089393721928517
374,BNIPL,0.4670861521898575
375,VSIG8,0.6823145353043952
376,DDAH1,0.1950391800722695
377,CHD5,0.23435857186554632
378,H3-3A,0.6672025923930639
379,S100A7,0.8492695620253208
380,PRAMEF14,0.8885353170215345
381,GLRX2,0.9124366453797809
382,DYNLT4,0.634134784419054
383,DDX59,0.32568800249271945
384,PIP5K1A,0.3888464757415663
385,NCDN,0.3688229540750917
386,ATG4C,0.5658470659648142
387,RSPO1,0.669707868578126
388,PSMA5,0.3453470755346819
389,EXO5,0.8766447771889682
390,TRAF3IP3,0.6517454015663966
391,RPL11,0.6666690590538945
392,ANKRD65,0.6826837979971372
393,PLA2G2F,0.671758724086512
394,BSDC1,0.28301728762413303
395,PTGER3,0.6071947338492877
396,GPR157,0.6939108687074079
397,PPIAL4A,0.645794701534988
398,SNIP1,0.8197893779393263
399,NBPF6,0.19001205514311748
400,RC3H1,0.5834782995851775
401,PPT1,0.5832577689205912
402,CREG1,0.011719965686721956
403,KIAA0040,0.6307284662542746
404,TAF5L,0.4253111656889732
405,DMAP1,0.19773511232286178
406,SLC25A24,0.03603298456722592
407,RCC2,0.721141751261455
408,BTF3L4,0.6358843801677335
409,FAM72A,0.2518926374044781
410,AKT3,0.7203364750739247
411,SPEN,0.7243374111758953
412,PEX11B,0.42518468549073174
413,PIGK,0.3881281510288954
414,PPFIA4,0.7384573823475044
415,STXBP3,0.4306882319003956
416,LEFTY1,0.7430513798451677
417,GBP4,0.9085092295118871
418,FCRLB,0.5844228153071839
419,COL24A1,0.1821280197242473
420,OMA1,0.909511512686269
421,GSTM2,0.7886710090038259
422,TOR1AIP2,0.029035750353617162
423,GSTM4,0.02774146078479489
424,CCDC30,0.22248772287982088
425,ZBTB8B,0.41284100432279536
426,GPBP1L1,0.6817522291732153
427,PITHD1,0.7837000445020812
428,PDC,0.13884920593507888
429,ISG20L2,0.002816704295962369
430,CYP4X1,0.3228812078461212
431,WDR64,0.6615929147064743
432,EDARADD,0.45457280349218887
433,LRRC41,0.7120079017841513
434,DNASE2B,0.7442709398980385
435,CNIH4,0.20740773923138123
436,MRPS14,0.8603386675169272
437,CTH,0.9234713024698611
438,OR2W3,0.8996184590547294
439,MAB21L3,0.15484501293532238
440,PGLYRP4,0.2299780605603745
441,IGFN1,0.37552458573386893
442,FGR,0.3906042509011939
443,NEK7,0.028527771931901924
444,WNT4,0.3778148311499232
445,MIB2,0.059725434567452385
446,PRAMEF27,0.19892946050035443
447,THBS3,0.18775397746145794
448,IVNS1ABP,0.3766658856445687
449,TENT5B,0.8096566901281453
450,H2AW,0.7595666710743298
451,SOAT1,0.4022589230207577
452,MTX1,0.436008210630743
453,POU2F1,0.8351307020253605
454,AGL,0.9760296042242499
455,OR2M5,0.7961729026399549
456,CAPN8,0.43299592494620043
457,FAM72B,0.07488040436326304
458,NBPF12,0.26029917940899183
459,CRTC2,0.8645395026434544
460,GOLT1A,0.8592445325054384
461,MIGA1,0.8536103581973998
462,NUAK2,0.18616908693173007
463,UBL4B,0.774404630786507
464,CSF3R,0.6485191220885871
465,PLXNA2,0.4654895387523227
466,NUDT17,0.6856854738859761
467,OR10Z1,0.6454125476356355
468,MYBPH,0.7481242633170517
469,ZDHHC18,0.2932522190279967
470,DCST1,0.8407015292069236
471,NPHP4,0.771449332049246
472,SYF2,0.660023242734326
473,KIF2C,0.5483942711664955
474,NPL,0.726877430457642
475,SERINC2,0.8392639752310138
476,MR1,0.43715370669847264
477,MFSD14A,0.5294577431183698
478,DHDDS,0.44187055298613487
479,LCK,0.8573943480444357
480,SH3GLB1,0.39229544956293505
481,FAF1,0.7441029618955481
482,AMPD1,0.5101099283476779
483,UBE2J2,0.2864756261200768
484,FPGT,0.5418502269879675
485,SLC30A10,0.3957738142004009
486,SLC6A9,0.18664676499658006
487,LAMB3,0.6371758002548981
488,DISC1,0.54404986367639
489,FMO5,0.6322999029648376
490,ARHGEF10L,0.13839482455297403
491,RALGPS2,0.7435786972158158
492,FNDC7,0.32223037733772586
493,TMEM69,0.8996509878919687
494,DYRK3,0.7154205650539883
495,UBXN11,0.12126855345982546
496,CATSPER4,0.8583884824317226
497,CHIA,0.33312341335169804
498,CLCC1,0.3252789472633102
499,CAMSAP2,0.8332987139739296
500,S100A13,0.24357920643382414
501,TRIM58,0.4877229134732961
502,ADAMTSL4,0.8038474153778692
503,PRKAB2,0.4784239453374963
504,TSTD1,0.5624571890209212
505,LAMTOR2,0.6378420517537905
506,OR14L1P,0.7307442720174773
507,ZCCHC17,0.5449985593963492
508,SMYD2,0.6653856683697726
509,CD1B,0.81923430827703
510,S100A11,0.3764340544144186
511,RAD54L,0.6553395229945019
512,CR1,0.2523385891902967
513,ZNF496,0.8270417791778839
514,HORMAD1,0.8049674879547866
515,OR2G2,0.870684790047765
516,IL10,0.697585386522448
517,KCNK2,0.8966967378445506
518,LIN9,0.07940185810914413
519,ZNF326,0.5741128470286476
520,CDCP2,0.19512599391297603
521,GSTM1,0.2795766795327571
522,NFYC,0.30295474608119444
523,ST3GAL3,0.00267164177789303
524,SCMH1,0.6017593779354444
525,PHF13,0.9322157226263494
526,ZNF593,0.6547587361253988
527,OR4F5,0.6585121345950451
528,NEGR1,0.17242849609762523
529,GPR89A,0.5390370918621618
530,SRM,0.46134524832982227
531,EIF2D,0.935271562345591
532,RRP15,0.04176791483931441
533,ARL8A,0.40719568831689523
534,MAST2,0.15166514892587468
535,BATF3,0.9295051298690525
536,NEXN,0.24263998640320183
537,NDUFS2,0.591700128262245
538,TXNDC12,0.7742254530164507
539,REG4,0.4932533510057552
540,KLF18,0.1103257481949469
541,SYDE2,0.49105093684030066
542,GPN2,0.43618246016689743
543,CRCT1,0.20380707450158364
544,MROH7,0.6591235508948975
545,CAP1,0.3536775073448327
546,CENPF,0.9923561071090787
547,SCP2,0.7507132928147703
548,SNRPE,0.37621024129652403
549,SLC45A3,0.1439631530212453
550,TAF13,0.47390326933201943
551,ECM1,0.42199042086121596
552,IPO13,0.419108066678189
553,BCAR3,0.6313281154523326
554,MARCKSL1,0.7673222133736142
555,DEGS1,0.4926771032502031
556,SYT11,0.6694736017654119
557,FABP3,0.8319631778704268
558,GPATCH2,0.11741483009745435
559,KYAT3,0.6166766963763307
560,PROX1,0.5976932212089067
561,SEC16B,0.8607497866910853
562,MTFR1L,0.381615212216168
563,TMEM59,0.9820673129146485
564,SPRR2B,0.4117974222452977
565,PROK1,0.9362180347418639
566,CLCA1,0.2898535702099154
567,GJB4,0.6952049440422204
568,GIPC2,0.6605518275061123
569,BCAN,0.8969210405816398
570,AKR7A3,0.01617201755991704
571,FCGR1A,0.04098580353944259
572,MCL1,0.34817697969014305
573,CSF1,0.397418487962913
574,PMF1,0.911932532182152
575,FAM131C,0.037122509798068415
576,C1orf112,0.48395112036968313
577,TMEM63A,0.6822244146984928
578,NIBAN1,0.9714546757679795
579,RGS7,0.957855319816625
580,RAB42,0.6992311386810958
581,AK5,0.17887962451874329
582,IL12RB2,0.15433954994331234
583,MECR,0.8928188639530181
584,CEP350,0.1048141896195598
585,F5,0.9576036228862117
586,DCDC2B,0.8641413921516058
587,AGO3,0.1255373508333294
588,ERRFI1,0.6490679347758249
589,ATF3,0.37855198533742374
590,GBP5,0.6905168189994213
591,CYB561D1,0.35324841115148786
592,AGRN,0.43334045099839946
593,CCDC181,0.28489777965931695
594,CCDC185,0.6266105464440725
595,RAB25,0.9154270781841164
596,MTHFR,0.3010328784974421
597,FLAD1,0.7687929236929915
598,LCE3A,0.06837049729052602
599,GJC2,0.6679336639268157
600,ZBED6,0.12002213983926524
601,SPRR1B,0.030095150068888188
602,ILDR2,0.6984628942909863
603,C4BPA,0.8393566903784926
604,P3H1,0.7364450915688938
605,POMGNT1,0.7646747742989909
606,HEATR1,0.6883053526729012
607,ESPN,0.8607306903658126
608,DOCK7,0.8333941800404787
609,PLEKHM2,0.8624507410801294
610,PUM1,0.8670047466470616
611,CDKN2C,0.17824461447629258
612,SNX27,0.31227515931843697
613,MYBPHL,0.1848526307871261
614,TSACC,0.1423957043539753
615,ACOT7,0.04059107194662259
616,SPAG17,0.5914423072177267
617,MFSD2A,0.35507520272735404
618,FLG2,0.22690296654592934
619,ACKR1,0.7172725940137621
620,MTMR11,0.4414212488586453
621,NCMAP,0.9037060644058872
622,CD58,0.05296605163108403
623,DBT,0.1479212001065342
624,CRP,0.41669132515135543
625,TFB2M,0.3004343181770309
626,CLIC4,0.9313519572124046
627,MOB3C,0.804738989541902
628,OPRD1,0.22714884447858263
629,ADAM30,0.4999146758358628
630,SSU72,0.5082967154562649
631,SHCBP1L,0.9990351077506459
632,DHCR24,0.6141092059946109
633,USP1,0.41334332275510877
634,HYI,0.06152438983389319
635,CLSPN,0.8406332710410649
636,SHISAL2A,0.9151926640926705
637,ZZZ3,0.6791922739889374
638,TSPAN1,0.5208896980109254
639,DIRAS3,0.35112771191493475
640,LEPROT,0.9098931248257713
641,CALML6,0.8599645879399003
642,LRRC42,0.947710597501558
643,VWA1,0.5720569551054959
644,SPATA17,0.32381052164944746
645,PRKAA2,0.21145064170294225
646,EIF4G3,0.2559362656928852
647,PADI2,0.20281225545891757
648,ZNF672,0.7565169074293129
649,SORT1,0.9836224546185474
650,PRAMEF12,0.060557381523170806
651,BMP8A,0.4792750709271021
652,PBX1,0.7557760519207005
653,OR6F1,0.9621795414460973
654,AADACL4,0.05708541433374892
655,WDR3,0.12987741160388377
656,LCE4A,0.8481222337057334
657,CLK2,0.5022607812399518
658,COG2,0.6790727960018139
659,MRTO4,0.12738291030006121
660,VASH2,0.5289629234255516
661,WARS2,0.13438837764820144
662,NUF2,0.07521411153192403
663,TRIM46,0.708039797353054
664,WLS,0.969923833473293
665,CD244,0.3173103902168204
666,ANP32E,0.061553554196251414
667,COA6,0.7618028148052658
668,MPZL1,0.5949908236672946
669,VWA5B1,0.6019083086238117
670,HCRTR1,0.6868014835729123
671,KLHDC8A,0.42039052098355834
672,TNFRSF18,0.5581178003725269
673,CD247,0.0162689512641222
674,DFFA,0.06268833460597856
675,OVGP1,0.59832579705938
676,YIPF1,0.012073878487307566
677,TOR1AIP1,0.9137864707048019
678,S100A6,0.3828660160243532
679,SLFNL1,0.18009896432743144
680,DDX20,0.3309708123430244
681,GRIK3,0.41434466965271655
682,PRAMEF7,0.6074764960081759
683,DSTYK,0.6634888115894466
684,CENPL,0.6457230597072576
685,ADGRB2,0.6903848939446469
686,RGS18,0.31884314709933137
687,ELF3,0.27890041376742936
688,AK2,0.988049222476404
689,EBNA1BP2,0.96639592972554
690,LAMC1,0.6435706465148776
691,SAMD13,0.03479739705288987
692,PIK3CD,0.7753093283561774
693,SMG5,0.5630182872187617
694,RD3,0.4061199958779772
695,CFAP45,0.2919480501345937
696,PKLR,0.8119890229894471
697,ZNF697,0.8361094775209886
698,DPM3,0.268589112513813
699,PPP1R12B,0.8770382189737624
700,RGS1,0.7205278241479891
701,PTGS2,0.33891432471273997
702,CD160,0.13700845951457452
703,TAS1R1,0.8942613614747774
704,CACNA1S,0.7768143822214613
705,POLR3GL,0.24378726790670302
706,MAP3K6,0.596007662766879
707,GLIS1,0.7624689555525068
708,CKS1B,0.9556554870529327
709,CASZ1,0.9583926864735307
710,TESK2,0.6801437754165304
711,ETV3L,0.5999892098711606
712,TDRD5,0.182862864836286
713,KLHL20,0.9043984577241686
714,ANKRD45,0.3080406324049022
715,CEP85,0.7655879805967928
716,TARDBP,0.8406638474349687
717,CFH,0.36267531258062713
718,TNFRSF25,0.057004697533682536
719,TARBP1,0.02793076412601303
720,PGD,0.8117438950409593
721,CZIB,0.5842051349578028
722,EFCAB14,0.5928421728288843
723,TMEM9,0.960059232338089
724,EPHA2,0.6082512401563829
725,TEKT2,0.7806111866697577
726,ZNF644,0.2872296110796694
727,CEP170,0.016779563663530173
728,VPS13D,0.748865775771659
729,GJA9,0.23868082057588336
730,CHD1L,0.6845009494551303
731,AGO1,0.45631772649379965
732,TCEANC2,0.5001832829228327
733,ERICH3,0.1513159769882073
734,PRAMEF2,0.18069139731779338
735,H4C15,0.5446317609365083
736,NME7,0.5801856914121069
737,PCNX2,0.9273605783237915
738,TNFRSF1B,0.1948396097935544
739,OR10X1,0.6110675966449799
740,FPGT-TNNI3K,0.628790134662723
741,KCNJ9,0.60992475848411
742,EXO1,0.9153497747564842
743,PRDM16,0.22914252005435742
744,C1orf146,0.6643322068778467
745,TFAP2E,0.40955413907040505
746,ADCY10,0.6019123822914261
747,RXFP4,0.668677614570984
748,ITLN2,0.48701015607671594
749,CHI3L2,0.7527835261533573
750,KCNAB2,0.08931229922266026
751,TOMM40L,0.2553877344705153
752,CR2,0.6165253841679545
753,ACTRT2,0.2408722089163814
754,GNPAT,0.9721734924512566
755,CD1D,0.4289963209980371
756,ADIPOR1,0.7256604701578788
757,LBR,0.07006887445475851
758,ATP1B1,0.9887703675885348
759,LAD1,0.5126484499645251
760,TRMT1L,0.5771825639750084
761,FCN3,0.5827093929276147
762,FASLG,0.46281594272774074
763,XCL1,0.8093292280836619
764,DPH2,0.3318579656047599
765,OR14K1,0.37846059360417994
766,OR2L2,0.7748692532492683
767,ATP5PB,0.23760123951514678
768,C1orf198,0.9143073257415616
769,TRNAU1AP,0.2514119745464448
770,APCS,0.9700487850018643
771,NBPF20,0.15202434727056713
772,COP1,0.6752821546902693
773,MYOG,0.6090382868169172
774,KLHDC7A,0.2904789157301977
775,S100A14,0.7405826486996997
776,ANKRD34A,0.1962582577277201
777,PLPPR5,0.8257515705466042
778,ARID4B,0.37991203568271337
779,PLA2G2A,0.5686310728256262
780,CLCA2,0.8558417988948022
781,DCAF6,0.8245130306359273
782,HSD17B7,0.44841214622543246
783,LEMD1,0.43138674904223795
784,COL9A2,0.6201848906743398
785,OR2AJ1,0.6372772711786033
786,CD164L2,0.6542283676924824
787,JUN,0.4871170062349083
788,NEK2,0.6097157209258274
789,LDLRAP1,0.47366440750556704
790,ATP6V1G3,0.5794748026578421
791,TNN,0.19696569490646243
792,ZSWIM5,0.011720380971329325
793,DNM3,0.9117694869989745
794,EMC1,0.717597221124842
795,EXTL2,0.5891972426650188
796,ZNF692,0.5710192536309154
797,AIM2,0.19592504755656148
798,PRPF38B,0.6024958690238461
799,SYT2,0.8668050504688993
800,HES4,0.009106987207694317
801,SH2D5,0.2005282197844015
802,CTSS,0.3599223643815873
803,ODF2L,0.8902969179839566
804,PDPN,0.5715677220547362
805,C1orf174,0.3622107157989911
806,CACNA1E,0.12657353597628085
807,PAX7,0.3155499665566389
808,HAPLN2,0.6381006728953714
809,F11R,0.5384779317844821
810,H2AC21,0.02854571601544842
811,CD1E,0.24742916549820848
812,IVL,0.39270049057954104
813,SIPA1L2,0.01318526459657765
814,COA7,0.4005794875653661
815,SCCPDH,0.1587958016812615
816,FCGR2B,0.4217596392917341
817,KLHL21,0.2661115004874156
818,PTGFRN,0.7349978294334478
819,MACF1,0.39624740983619666
820,TMEM79,0.6998327720086229
821,CHIT1,0.9947642433589075
822,MRPS15,0.06772425790818859
823,FLVCR1,0.24429775399178377
824,PRAMEF6,0.5103032796994867
825,PLEKHG5,0.5742249224188014
826,AKIRIN1,0.6923334315044238
827,WNT3A,0.992159394663721
828,INTS3,0.5789562375906843
829,FCRL4,0.8136094260761654
830,SSR2,0.7234416102657432
831,NKAIN1,0.9985513390558076
832,S100A3,0.9996137545492817
833,UCHL5,0.85857006150222
834,URB2,0.07139988597853186
835,PEF1,0.043720206029737585
836,LRRC8D,0.08045968328722908
837,ZBTB17,0.6488421877786387
838,BRDT,0.3874728025500508
839,IL20,0.6415960683404336
840,UBE4B,0.5201268384943432
841,BLACAT1,0.2763584338129562
842,TCHH,0.14984860335139505
843,SLC50A1,0.7978417126509276
844,LCE3E,0.18236749530389196
845,MAP10,0.7163209461362544
846,PUSL1,0.8595369918943806
847,WDR77,0.05088237967222642
848,OPTC,0.2951247173616217
849,GPATCH4,0.8832590649975387
850,RCAN3,0.22015720705578468
851,UBIAD1,0.5104994470196531
852,DNTTIP2,0.5131703355625509
853,GPR88,0.5635041386978255
854,LELP1,0.5807753315542219
855,TPRG1L,0.3875258852948177
856,LRIF1,0.18658840455669057
857,TNFSF4,0.0424500986512768
858,CASQ2,0.7550486972450698
859,DPH5,0.9638556324986814
860,SPRR2A,0.24945123141074932
861,PINK1,0.846795481471743
862,ZMPSTE24,0.05810214877431519
863,OR2T33,0.8579156643553036
864,CNTN2,0.9208549327086729
865,FMO4,0.9949146870431269
866,ECHDC2,0.306474625620873
867,IPO9,0.844643421748658
868,VAMP3,0.2653003149935398
869,RGS8,0.47379286510017604
870,OR2T4,0.1354355762642625
871,WDTC1,0.6441160206064713
872,IL24,0.40477920551532165
873,OSBPL9,0.8442058913373052
874,SMIM1,0.6800590058265606
875,FCAMR,0.8343114120566597
876,GBA,0.17744034762854843
877,MYOM3,0.46337506511541715
878,ATP5IF1,0.4695281105963567
879,PLEKHA6,0.20859654514891113
880,HAX1,0.6838437126853544
881,LDLRAD2,0.16597601189004363
882,TMCO2,0.4722317938551196
883,PPP1R15B,0.5853756267332426
884,PSRC1,0.9640239853259396
885,PRG4,0.5339897699933623
886,TMEM200B,0.8130937290780209
887,SYT14,0.5965411888128107
888,HLX,0.16384910268773556
889,EXTL1,0.8641942259286423
890,RNF187,0.9990617686709431
891,RBM8A,0.39642890913798523
892,KHDC4,0.016265338386666883
893,CDC14A,0.2144045877698758
894,OR2L5,0.629261393154459
895,BGLAP,0.4864650476888197
896,CIART,0.9177007960799102
897,MICOS10,0.33794461456125713
898,PRAMEF1,0.3615213043124602
899,SYCP1,0.7323028705695265
900,KIAA1522,0.7211146449235338
901,S100A9,0.8726170262524191
902,METTL18,0.18456997407088238
903,CHRM3,0.3874213410921684
904,RHCE,0.43328643921922294
905,UQCRH,0.35484210569973573
906,METTL25B,0.8164334430338845
907,ANGPTL7,0.057473668241603826
908,CELA3A,0.5116378857415085
909,DENND2C,0.050942864021521594
910,TUFT1,0.606859568088034
911,EFNA1,0.005190690272474763
912,CCDC18,0.5369365611370934
913,ARHGAP30,0.8603579581948743
914,ARPC5,0.9008962997053701
915,HPCAL4,0.214114812625381
916,NGF,0.12442163231424241
917,IFI44,0.41342989821059406
918,OR2T29,0.339218366571014
919,CCNL2,0.2107054894227276
920,EPHX4,0.9302405952863241
921,CYB5RL,0.8430816793061955
922,TIMM17A,0.9961708810224831
923,SLAMF1,0.19233105603753253
924,BSND,0.35567526761867096
925,HMCN1,0.7043105108143598
926,OR2G6,0.9310338770516662
927,SPRR3,0.27821339077356
928,RWDD3,0.1445756711958981
929,UFC1,0.8178760580952406
930,SLC9A1,0.9496836455640066
931,SELP,0.9114896703606507
932,TSNAX,0.6932007268128461
933,HNRNPCL1,0.9563010208167888
934,TMOD4,0.09080280100840699
935,PIGC,0.6825082848076465
936,CFHR2,0.6700560252269033
937,POLR3C,0.16693634556836812
938,TTF2,0.25596385338713223
939,TNNI1,0.4129208701086313
940,PRCC,0.1229480935481373
941,LHX9,0.9976959732390634
942,AKR7A2,0.40601672330649075
943,TIPRL,0.8679531206166863
944,TNNT2,0.4553004148746821
945,JTB,0.22287451417795134
946,CGN,0.5686416938167352
947,SIKE1,0.6281015130734957
948,TMCO4,0.009129982541586035
949,EPHA8,0.07179042887606835
950,LRIG2,0.5310525598357516
951,SLC16A4,0.07731964845135642
952,NPPB,0.08131214901800454
953,UTP11,0.047790240423877806
954,DR1,0.1717435553915596
955,NVL,0.3519996116594527
956,SEMA4A,0.07350716589845174
957,CA14,0.8531926998894938
958,HDGF,0.22037016604229742
959,RBBP4,0.6188959754578878
960,RAP1A,0.005930855622517606
961,SMYD3,0.10475036645269364
962,PHGDH,0.8852829265093848
963,NBPF14,0.3174916620204552
964,CFAP126,0.6923106049305948
965,ZBTB37,0.26447595992031236
966,RNPEP,0.9367445209254236
967,OR2L13,0.021448028979475064
968,DMRTA2,0.17304767242677332
969,CYP4Z1,0.366165024437363
970,PRSS38,0.8540937340361512
971,CMPK1,0.7162061931182857
972,MSTO1,0.19035721063395716
973,TTC34,0.8863879956358117
974,PEX14,0.9396868915168982
975,GJA8,0.7936001307229099
976,ZRANB2,0.3122704155905328
977,NAXE,0.43886526518419744
978,RCC1,0.6823848264244077
979,HMGCS2,0.66610578080861
980,SASS6,0.267390837646726
981,UTS2,0.7812743513154392
982,SMIM12,0.6401744276732804
983,LEPR,0.5468319878538963
984,PBXIP1,0.6883965449921995
985,GPR161,0.06000001401534516
986,RSC1A1,0.7666677323720005
987,PRAMEF33,0.4554646562579746
988,KLHL17,0.021506283807099957
989,GORAB,0.9915637369433861
990,DENND4B,0.2725130884166589
991,DNAJC6,0.7231453012028711
992,WRAP73,0.5749713048958639
993,DDR2,0.30633043508969426
994,LCE2D,0.38380013639175703
995,LYPLA2,0.5760108568958628
996,KIAA1614,0.6320636454144383
997,TMEM167B,0.4422846319043059
998,ADGRL4,0.12275380684705006
999,KCNH1,0.7227184556527892
1000,NBPF15,0.8010267995668836
1001,INSL5,0.2546722705052885
1002,ACBD3,0.4808669948137496
1003,STX6,0.6475650014892518
1004,RCSD1,0.7177313801610194
1005,FCGR2A,0.7537868944739543
1006,MIER1,0.6541443423933366
1007,TARS2,0.8121556007072458
1008,HMGCL,0.6656049280136025
1009,CYP4A11,0.5708775679497322
1010,SNAPIN,0.30499604624103194
1011,OR2T1,0.05819567109401391
1012,LZIC,0.19476075044951568
1013,SLC6A17,0.9473836236393738
1014,DNALI1,0.9230192582555525
1015,ERO1B,0.5582551575583024
1016,PRAMEF20,0.45807664285252636
1017,THAP3,0.3879847236416304
1018,ADAM15,0.15151657112260353
1019,LRP8,0.216706540364903
1020,C2CD4D,0.23316902981778387
1021,LCE1F,0.7369658029416039
1022,GABRD,0.18107063839365634
1023,LCE2A,0.9477559379198436
1024,MINDY1,0.9194115531315799
1025,C1orf105,0.07147721128647022
1026,B3GALT2,0.7415758921063904
1027,NHLH1,0.10592349861728112
1028,KCNK1,0.36601977624020243
1029,CFHR1,0.9505218771984517
1030,DMRTB1,0.5954406166979548
1031,BECN2,0.5315909041813349
1032,VAMP4,0.05019864221001591
1033,ZC3H11B,0.6297916126301859
1034,FRRS1,0.8903818027802043
1035,GPR25,0.8365699367768851
1036,CDC73,0.5795121803357627
1037,TBX15,0.9746633671367063
1038,UAP1,0.8328761161685743
1039,RNF2,0.19181043044653523
1040,ZNF691,0.7975037565944326
1041,CSDE1,0.08709082134633128
1042,CD52,0.9250642077047179
1043,BEST4,0.4317294778223395
1044,MAGI3,0.19610972443407282
1045,CD2,0.8024132661876222
1046,IQCC,0.7470975948852681
1047,DIO1,0.9834833285943992
1048,CD48,0.9138929488983071
1049,DRAXIN,0.3258541760217769
1050,GSTM5,0.6420227763509109
1051,SRRM1,0.9480112405439592
1052,HS2ST1,0.7085194672016775
1053,CCSAP,0.9952516059149089
1054,DENND1B,0.05393357387583819
1055,RPS6KC1,0.6102721450174275
1056,TMEM39B,0.8038469251603528
1057,MROH9,0.06167453531966427
1058,PRAMEF26,0.3085864819760914
1059,PTPN14,0.47566772866044693
1060,MUC1,0.0589669116374143
1061,KCNN3,0.16943520735957207
1062,CORT,0.11884091014632203
1063,OR2T27,0.7292600799213939
1064,INTS11,0.4575382123698353
1065,CENPS-CORT,0.11749398302354574
1066,DYNLT5,0.8242043521275355
1067,SWT1,0.23264166010414866
1068,SLC2A7,0.13754960977663067
1069,PDE4B,0.5351542194193794
1070,HES2,0.40468365935123685
1071,FUBP1,0.9463668918619715
1072,ZYG11B,0.93357386070066
1073,C1QB,0.1257495825933489
1074,ZC3H12A,0.729424402777012
1075,OR6K2,0.2603721891586964
1076,ABCD3,0.8579796626678375
1077,NBPF1,0.19611576547151188
1078,LCE3B,0.6323034008706958
1079,OR2AK2,0.9601569293410918
1080,MRPL20,0.4208097544823691
1081,VPS72,0.18148339021182358
1082,SLC5A9,0.07224902868319749
1083,NES,0.11873810967209864
1084,HNRNPR,0.9179490896598892
1085,CAPZA1,0.7694034896038243
1086,HOOK1,0.8565095098399752
1087,NUP210L,0.503764132227935
1088,OR2M7,0.3199065928117395
1089,E2F2,0.3633548651846641
1090,B3GALT6,0.03843789090610983
1091,ADAMTS4,0.5353348169925182
1092,C1orf226,0.6800240844647562
1093,MYOC,0.8316609180540888
1094,OR14C36,0.34517310659391576
1095,C1orf21,0.3811591313303486
1096,RO60,0.2408919295087022
1097,PFDN2,0.5658415114271969
1098,GPR37L1,0.38046848022973834
1099,PADI3,0.7623285202592125
1100,FCGR3B,0.9517906315148104
1101,ARNT,0.3386259028786106
1102,ZBTB7B,0.9948336895699834
1103,SCAMP3,0.8626841478611543
1104,UBE2T,0.6228669742637944
1105,LAMC2,0.41335301040631656
1106,HSD11B1,0.5099519810566274
1107,OBSCN,0.1510490070981999
1108,ETNK2,0.497087619958248
1109,S100A2,0.26177070614106057
1110,SERBP1,0.25838360208785716
1111,LIN28A,0.12856423508231218
1112,LCE1A,0.10895744023555243
1113,TMEM222,0.5435161160103208
1114,USP24,0.14530205435713994
1115,NSUN4,0.8607712876286651
1116,CFHR3,0.9461424642691753
1117,FCRL1,0.6649159472570755
1118,COL16A1,0.8368404165321972
1119,SH2D1B,0.26818063992510555
1120,STPG1,0.10234119196192604
1121,TTC13,0.6086353929692583
1122,FAM72C,0.27129284885205585
1123,FAM102B,0.3699160011494387
1124,FMOD,0.9412219485949569
1125,TNFRSF8,0.6842520458630695
1126,OAZ3,0.17093601154870186
1127,OR6N1,0.2707178565737207
1128,SRSF4,0.9773971674036017
1129,LY9,0.43378034807347887
1130,SLC44A5,0.7072286475052716
1131,MIXL1,0.3833790789239303
1132,CTSE,0.8185858071978104
1133,YRDC,0.273786011326581
1134,PDZK1,0.7895882351029161
1135,CDC7,0.29492971886700947
1136,TNFRSF4,0.2946445738917296
1137,GGPS1,0.7215953965866702
1138,BCAS2,0.12979813749953295
1139,HCN3,0.23552516272000223
1140,ETV3,0.489066593225985
1141,GUCA2B,0.46750981246304035
1142,PYHIN1,0.9574830267901253
1143,H4C14,0.1661940276002567
1144,KLHDC9,0.04715480472276967
1145,PLPPR4,0.08290163801857675
1146,C4BPB,0.553863159442029
1147,RPS27,0.0013268973180693422
1148,SPRR2E,0.34846402472907234
1149,SLC2A1,0.8288387916057198
1150,HSD3B1,0.036900926040103976
1151,ZMYND12,0.1407755444297084
1152,RGSL1,0.8074835734552379
1153,CAPN2,0.793198638266142
1154,CELA2B,0.5732448445626726
1155,COL8A2,0.4104109637907607
1156,C1QC,0.5242224383179812
1157,FNBP1L,0.02199052879352581
1158,SUSD4,0.030624510856249176
1159,TMCO1,0.6427186164547875
1160,SLC39A1,0.8726170455302201
1161,SDCCAG8,0.9366850112208619
1162,LMOD1,0.5602980639400225
1163,NT5C1A,0.5775459472825377
1164,SLC22A15,0.6311702308378218
1165,NUCKS1,0.2857967783003853
1166,ADGRL2,0.05688222211372351
1167,LSM10,0.48779385830782374
1168,SLC25A34,0.010533008125800603
1169,ATAD3A,0.412588344518099
1170,OR2B11,0.06851075030099918
1171,PNRC2,0.8821448039204487
1172,EPHX1,0.1495052177906967
1173,MED8,0.2987940791838154
1174,ATP6V0B,0.143452563828531
1175,UBE2Q1,0.10916819834656288
1176,NIPAL3,0.3511080583572054
1177,IGSF3,0.6108798372390815
1178,AVPR1B,0.056379866945689305
1179,EDN2,0.2439036772099581
1180,C1orf232,0.617934387967803
1181,HNRNPU,0.7643961553563842
1182,DEPDC1,0.9705721719585169
1183,SKI,0.18616961932561915
1184,ALX3,0.39008588074922157
1185,STMN1,0.8305916509392485
1186,MRPL9,0.5161985450778175
1187,TEX35,0.6135235855610839
1188,PRXL2B,0.47034078239949006
1189,PEA15,0.8224260495887908
1190,IER5,0.31636208480414496
1191,C1orf141,0.7317144791115493
1192,EPB41,0.9111052858361173
1193,TMEM82,0.6454819969067169
1194,STK40,0.5997502410052801
1195,PHACTR4,0.2282149736572041
1196,CDC42SE1,0.6259133900941991
1197,LMO4,0.5226205881135391
1198,RUSC1,0.43657344833659795
1199,WNT2B,0.007561414147921219
1200,LCE1D,0.39624270030871744
1201,NCSTN,0.42005531981091104
1202,ACTL8,0.4891624688084185
1203,RERE,0.259736315761083
1204,PRAMEF9,0.342787330898237
1205,CR1L,0.0982449864565591
1206,BEND5,0.06797294714672109
1207,ZBTB8OS,0.5819670555239737
1208,FAM78B,0.7613255548908124
1209,S100A7A,0.6828862178983511
1210,RUNX3,0.08966474841990613
1211,OTUD3,0.5530057712347928
1212,FBXO6,0.35711717732484194
1213,ATP1A1,0.6129936795452698
1214,SFN,0.04507938922024812
1215,DFFB,0.3821129372693364
1216,LEXM,0.944077426707559
1217,CAPZB,0.3068741922135231
1218,TTC4,0.599918900824095
1219,KISS1,0.08144611429227344
1220,HSPA6,0.3067362038205528
1221,AURKAIP1,0.9163310862514423
1222,AGTRAP,0.2938648516400284
1223,CASP9,0.9285481612852228
1224,PI4KB,0.4524974804177724
1225,AKNAD1,0.9381051594663286
1226,TLCD4,0.07691567921525932
1227,IGSF8,0.5927145076300321
1228,F13B,0.16065712158695677
1229,PAPPA2,0.6099906135062912
1230,LRRC53,0.31097216848259346
1231,PRAMEF19,0.7776559107241884
1232,CDK18,0.953995185670427
1233,NCF2,0.46898935984391255
1234,SFPQ,0.10340946368106918
1235,FBXO42,0.6144714833503226
1236,CHRNB2,0.6719542945303175
1237,H6PD,0.5916292617080542
1238,TPR,0.1527671043510469
1239,RHEX,0.6075489101782444
1240,FCRL3,0.7321919614607445
1241,UTP25,0.32188855295622376
1242,ATAD3B,0.2396008032434057
1243,EFCAB7,0.6462716475296257
1244,SCYL3,0.18546940979020599
1245,OLFML3,0.42268090926121094
1246,CLCNKB,0.6605755008199403
1247,GJA4,0.15426499060765952
1248,ISG15,0.6724899541584298
1249,HES5,0.5901120870228563
1250,TMEM234,0.8700063664948532
1251,GPR153,0.741844371447287
1252,LDLRAD1,0.811220632770725
1253,OR6P1,0.9948734112418031
1254,H2BC18,0.051379495894009475
1255,ANGPTL1,0.8559431713843983
1256,HES3,0.025546093834009964
1257,KMO,0.49043500097721393
1258,SCNM1,0.056554308732594594
1259,AIDA,0.6100604447384925
1260,PANK4,0.367966075161241
1261,PRAMEF15,0.6847741309618891
1262,PADI4,0.6558612336783315
1263,RGS5,0.5886125380758402
1264,C1orf167,0.8240127432794727
1265,NBPF19,0.22644695567082374
1266,NLRP3,0.7412423103865027
1267,RNASEL,0.1142698153848668
1268,TEX50,0.23600980342380695
1269,PABPC4,0.5914967563728589
1270,KIF26B,0.4653657382613118
1271,FCGR3A,0.5654155489370127
1272,MTARC2,0.08797672038360949
1273,ELAPOR1,0.7512280776231813
1274,AGMAT,0.27056914147248023
1275,DUSP23,0.7652134528129964
1276,MAEL,0.3721875970151536
1277,LORICRIN,0.6743786151817247
1278,OR2L8,0.720058219892805
1279,NBPF9,0.30059835137332047
1280,MEGF6,0.45507378448277747
1281,DUSP12,0.4375300292797444
1282,PODN,0.18824991977710592
1283,ELK4,0.07367735994504543
1284,ASH1L,0.16641468057721764
1285,CFHR4,0.7530807723927458
1286,MAN1A2,0.22993922585651283
1287,ATP2B4,0.3323258885066488
1288,C1orf54,0.16716153541544376
1289,MACO1,0.3840973700808251
1290,NPR1,0.05410956884210705
1291,ALDH9A1,0.1076767290029561
1292,GUCA2A,0.4950283894401477
1293,TUT4,0.5388189013991778
1294,GNG4,0.6145730260899216
1295,GPR52,0.23508155578489498
1296,PIFO,0.39120729583167146
1297,PIAS3,0.12875428296604596
1298,ZNF124,0.9339252133075141
1299,RPAP2,0.6480777154140597
1300,ACOT11,0.7668247126816744
1301,FCRLA,0.36389583811131165
1302,MAPKAPK2,0.45056408525836367
1303,INPP5B,0.4191824170480756
1304,TOMM20,0.9690439455158165
1305,OR6N2,0.8309534738910755
1306,FHL3,0.6826407846463047
1307,TMEM275,0.681847812885197
1308,SSX2IP,0.8138062651092269
1309,CTBS,0.7552708699616362
1310,EIF2B3,0.10840004550731697
1311,PER3,0.14628913553050815
1312,ZNF684,0.16399206158121515
1313,CCDC190,0.26242830726737965
1314,BCL9,0.31778019935771074
1315,CNST,0.6369476268739646
1316,LAPTM5,0.34833902864722144
1317,NID1,0.870845612137799
1318,RPS8,0.8162711766872199
1319,RBMXL1,0.24698684002415405
1320,WNT9A,0.5924221597268081
1321,TRMT13,0.5078954066265583
1322,TACSTD2,0.00019534097253037785
1323,GCSAML,0.3776117386043061
1324,IKBKE,0.40978245130000746
1325,H2BU1,0.12926484727128096
1326,PTPRF,0.42776544988099097
1327,MANEAL,0.4484810722981911
1328,PIGM,0.12612340440089775
1329,RTCA,0.28918762816526433
1330,KIF1B,0.40286183516856
1331,AHCTF1,0.39142587684337327
1332,SUCO,0.4840855057624579
1333,PCP4L1,0.8421483145988184
1334,HTR1D,0.08076597938584695
1335,NPHS2,0.6858487779474987
1336,CD101,0.759081049737759
1337,PHC2,0.7809697270049194
1338,GBP6,0.12189773560102157
1339,CADM3,0.8207435341689167
1340,CHI3L1,0.5509074933009235
1341,ELOVL1,0.7752914620365178
1342,PFKFB2,0.755912841019941
1343,HTR6,0.925913518340865
1344,FBLIM1,0.15850526229703377
1345,UBAP2L,0.21575389978719128
1346,S100A8,0.6081441499047336
1347,OR2T2,0.6137143368070657
1348,PLEKHO1,0.5893491275070901
1349,NTRK1,0.7223129002805707
1350,TENT5C,0.7007484474651848
1351,ABL2,0.40999164632836493
1352,S100A1,0.2046756019504472
1353,CD1A,0.5005726196721115
1354,ADPRS,0.23839590465024985
1355,OR2T34,0.19548894386104254
1356,S100PBP,0.4169099985026591
1357,EPS8L3,0.8412363674427829
1358,ATP13A2,0.8451862514583469
1359,OR10J5,0.7265017349369147
1360,SV2A,0.7794426030828644
1361,ABCB10,0.7283236877952859
1362,SLC44A3,0.043627720000979364
1363,LCE6A,0.5040003151366541
1364,C1orf127,0.13158439744538253
1365,GPR3,0.06090813747134338
1366,GBP1,0.9125383218029761
1367,CPLANE2,0.8589354990105373
1368,CRABP2,0.09782909458588873
1369,ASAP3,0.468681609219777
1370,DRAM2,0.252474127065449
1371,RPE65,0.45832009063825097
1372,NBPF4,0.91865752911489
1373,OR2T12,0.6584004325152085
1374,ZNF683,0.03390018272801476
1375,KIF14,0.8469542476367463
1376,SLAMF9,0.14236627382118816
1377,AMIGO1,0.9914230126063099
1378,CDC42BPA,0.9689042236309522
1379,GMEB1,0.4244954612184413
1380,OR10K1,0.11190635663392323
1381,MAP7D1,0.008171707168608378
1382,HNRNPCL3,0.45917944349961226
1383,FYB2,0.11785183971587998
1384,CAMK1G,0.3542822169128974
1385,AQP10,0.22010931775654285
1386,A3GALT2,0.360161834028108
1387,AGBL4,0.9860067403571311
1388,SDHB,0.7077632018788942
1389,USF1,0.0847499612832493
1390,COLGALT2,0.4691044392794518
1391,MEF2D,0.12817248789948432
1392,MAP1LC3C,0.8212834060907759
1393,ARHGEF19,0.4754686286527885
1394,TLR5,0.3750240876929284
1395,ENO1,0.954744446791155
1396,MASP2,0.8995084881083818
1397,HIVEP3,0.5540678562191046
1398,ICMT,0.2859408847717655
1399,TMEM240,0.6017760547150547
1400,OR11L1,0.7387343876592776
1401,PGLYRP3,0.7336961987405707
1402,B3GALNT2,0.7799021949635397
1403,OR2T5,0.8426790477847548
1404,MGST3,0.2112877248336842
1405,SH3BGRL3,0.2016784170105913
1406,THEM5,0.2796551408611473
1407,EFHD2,0.8534507299392445
1408,SPRR1A,0.6592340294505078
1409,PDE4DIP,0.7702919344192962
1410,NRAS,0.4459983554696926
1411,ZNF695,0.7886244700360214
1412,EXOC8,0.09829334200621942
1413,TRABD2B,0.6333852906332328
1414,AADACL3,0.6919502832745027
1415,GTF2B,0.6289011172041138
1416,DCST2,0.19570249181339028
1417,PSMB4,0.6899563203075235
1418,YBX1,0.23562444539778826
1419,MFSD4A,0.665442047582851
1420,PEX10,0.6576364820521432
1421,CSRP1,0.5057968996047365
1422,TADA1,0.09025400481731005
1423,LRRC7,0.06207808281084759
1424,TDRD10,0.4211118049541349
1425,PLK3,0.4658110339869592
1426,C1orf87,0.4176725770254964
1427,MTR,0.2152083656085546
1428,AMY1C,0.8716083280388842
1429,RABIF,0.8589130326816322
1430,PEAR1,0.3453313199531388
1431,OR2T35,0.3791739141480208
1432,SELENON,0.6531149233792085
1433,CELA2A,0.42818600134262685
1434,UBQLN4,0.31561303049052647
1435,FOXE3,0.16225120047508024
1436,S100A12,0.05946095092872783
1437,ALG6,0.1716816957552576
1438,LCE5A,0.40640735695220465
1439,MIA3,0.4804039732787172
1440,HSPB7,0.1836843331274417
1441,NFASC,0.19196280830042067
1442,INKA2,0.4871051455122696
1443,TTC24,0.3042372111585281
1444,ATF6,0.8528331350287146
1445,ANGEL2,0.2521544589558359
1446,HENMT1,0.324939721189728
1447,LRRC39,0.21676260893551347
1448,DNAJB4,0.10537345811387944
1449,TATDN3,0.1568338206128279
1450,PIK3R3,0.1336587881288127
1451,RNPC3,0.364494352238795
1452,KCNC4,0.32577418513511613
1453,TRIM67,0.6225248154378583
1454,ZNF678,0.14957896752901612
1455,TMEM61,0.6315895693502681
1456,BPNT1,0.414255532643952
1457,C1orf131,0.5054464862241529
1458,SLC35D1,0.5213722153592085
1459,RGS4,0.969353855646782
1460,TTLL7,0.6334176502925998
1461,TNFAIP8L2,0.5158720539638726
1462,OLFM3,0.06302389189550062
1463,EVI5,0.014934929612475445
1464,TMEM50A,0.888996986628335
1465,BTG2,0.21920378747159697
1466,RIMS3,0.07567834953401698
1467,CC2D1B,0.1182132214358752
1468,MKNK1,0.9421814040375975
1469,PSMB2,0.79929315321732
1470,BARHL2,0.7925513386378611
1471,ODR4,0.9164789332935902
1472,PRAMEF18,0.628336470187055
1473,SERPINC1,0.4848634889722805
1474,SLC2A5,0.5780848083150162
1475,KTI12,0.8427363456707481
1476,NBPF10,0.2236448174357113
1477,CELA3B,0.47684730899316063
1478,CYB5R1,0.1881266134473728
1479,MFAP2,0.7623325529937284
1480,RGS2,0.9304673541854245
1481,DIPK1A,0.9588685597995007
1482,GRHL3,0.08926637581691343
1483,ANKRD35,0.4957035129702857
1484,IARS2,0.2048540835433934
1485,TMEM183A,0.3695823688177373
1486,APH1A,0.9284345283773379
1487,FAM177B,0.017869606641147784
1488,PTPRC,0.40350411857482726
1489,UBR4,0.03931357896719889
1490,CPT2,0.3631915075010602
1491,LHX4,0.9357009866037237
1492,ENSA,0.3826016212119203
1493,CROCC,0.9959823007140634
1494,PGBD5,0.046724533464407525
1495,TEDDM1,0.6200323879661394
1496,PPCS,0.254502852234577
1497,ZNF669,0.2891144177128011
1498,CTTNBP2NL,0.9357278310787017
1499,LUZP1,0.5014600121566417
1500,EPHB2,0.6271532334614236
1501,TTC22,0.3964260300451675
1502,RBP7,0.9618290105126425
1503,MDM4,0.054153438587714264
1504,RPF1,0.3176105180364872
1505,POGK,0.9255285281366777
1506,TGFB2,0.8395370192240664
1507,SLC30A1,0.1180365184089398
1508,KDF1,0.5546779844170698
1509,TP73,0.8939613592538761
1510,CHML,0.20018751754207753
1511,C1orf116,0.48976124562960044
1512,SELENBP1,0.6179255685967437
1513,SLC35F3,0.019408200319137814
1514,DMBX1,0.23462391133540939
1515,LPAR3,0.004156284007169386
1516,TNR,0.7066780386754951
1517,PLCH2,0.97558908768831
1518,AMY2A,0.8762729188968659
1519,LRRIQ3,0.30491476171472165
1520,PALMD,0.11061588025037516
1521,SMG7,0.585194319027572
1522,KAZN,0.7343430005601258
1523,PPIAL4G,0.16114506736514078
1524,LENEP,0.5706790621423147
1525,TSSK3,0.6706247161190649
1526,OR14A16,0.4272730921819472
1527,NBL1,0.41817267191389196
1528,FCER1A,0.3934390950669664
1529,IFI44L,0.29805121349474184
1530,ASB17,0.9525076867865858
1531,SDHC,0.20912947470935928
1532,PLA2G2D,0.654720184624562
1533,FAM72D,0.585793636028865
1534,GPSM2,0.33580991916634617
1535,ZMYM1,0.02180186625971381
1536,MPL,0.3747103768254846
1537,MRPL55,0.32240003671569284
1538,SLC1A7,0.29292884229020555
1539,INSRR,0.7303974888005162
1540,ENAH,0.5194146151858949
1541,CLDN19,0.8797938920589272
1542,MXRA8,0.8013663165570878
1543,NBPF11,0.8185894294043716
1544,PSMD4,0.9733684950285951
1545,RASSF5,0.8395335131585926
1546,INAVA,0.9918905592497697
1547,ALPL,0.18864385916423065
1548,TINAGL1,0.2522082198894511
1549,ZBTB8A,0.2862705105171153
1550,EDEM3,0.37437991022453365
1551,TNFRSF14,0.8071192876693544
1552,MAGOH,0.07212848605114919
1553,MUL1,0.7632169772015702
1554,C1orf68,0.5861898497249264
1555,PPIAL4H,0.8388604235383478
1556,FNDC5,0.4409581056382267
1557,DHX9,0.19974663343333265
1558,OR2T7,0.7809789834195516
1559,TXNIP,0.444381511934108
1560,NRDC,0.411577505550348
1561,HSPG2,0.9228325232279281
1562,GNAT2,0.6856119658108863
1563,PTBP2,0.4170176312515502
1564,CLCN6,0.6079319928000851
1565,OR2G3,0.319290806956249
1566,C1orf50,0.826125632679335
1567,RPS6KA1,0.5855388692403228
1568,ASTN1,0.042754121215046736
1569,C1orf210,0.5795923610930227
1570,OR2T10,0.8061208167475401
1571,LAX1,0.07231990497624519
1572,KLHL12,0.5232955930131258
1573,TIE1,0.1208483139474491
1574,OR2M4,0.9489437671516535
1575,LCE1B,0.1533180563132922
1576,RAP1GAP,0.9485247987739222
1577,ZMYM6,0.36624408523994756
1578,EGLN1,0.22496878754566385
1579,ITPKB,0.252117269575154
1580,SLC45A1,0.27399911151455925
1581,DPT,0.7637774977759165
1582,AZIN2,0.39607911314477484
1583,LGR6,0.1406503807645284
1584,MATN1,0.9583074266059692
1585,CTSK,0.8767739061524698
1586,YOD1,0.6062439143253348
1587,RAB3GAP2,0.018377549479795308
1588,ATP8B2,0.36851781906698744
1589,ADORA3,0.00511547934284029
1590,FCRL6,0.5573972946652231
1591,MED18,0.15016452171289985
1592,THEM4,0.550101936901394
1593,COL11A1,0.5137965416027125
1594,IL6R,0.13242852790224058
1595,GPX7,0.5254728850245087
1596,NIT1,0.2159813737543692
1597,MFN2,0.4569193924385213
1598,PKN2,0.351234248434786
1599,EFCAB2,0.3152981166344956
1600,CELSR2,0.5836786491839833
1601,CITED4,0.6446074518032894
1602,RCOR3,0.9118393186273954
1603,TMCC2,0.26408287028043576
1604,RIT1,0.5332125656556653
1605,PLA2G2C,0.07629741463379991
1606,PTCH2,0.8856016278933809
1607,TRIM45,0.2502038481087365
1608,PTP4A2,0.40458831699956344
1609,MAP3K21,0.7805167608942409
1610,MYCBP,0.09104619573535888
1611,CFAP74,0.026000258022408906
1612,CDK11B,0.728602638019722
1613,USP21,0.297825930675253
1614,STYXL2,0.87389680629489
1615,C1orf109,0.10039676065508374
1616,RLF,0.6206774964423837
1617,DLGAP3,0.34227887236445875
1618,PIGR,0.4313993228262457
1619,AJAP1,0.17322134366641395
1620,SSBP3,0.6287167715965102
1621,FAM167B,0.5861564646438097
1622,TSHB,0.8513094991187111
1623,DVL1,0.8729962531466492
1624,MICOS10-NBL1,0.739718221549951
1625,GBP7,0.8373200144740071
1626,DESI2,0.550141091437032
1627,AMY1A,0.9829466979785683
1628,PERM1,0.3394804014041083
1629,NPPA,0.8303854525698576
1630,RNF223,0.7639396457927529
1631,INTS7,0.3572946687099374
1632,OR6K6,0.018743749206865612
1633,NADK,0.5973521966135913
1634,HAO2,0.7206820386995225
1635,XKR8,0.1029556464213558
1636,MNDA,0.5472971627965578
1637,DNAI4,0.958259290799436
1638,THEMIS2,0.5703116274143681
1639,CNR2,0.6417775295448951
1640,NUDC,0.06337013087263799
1641,BCL2L15,0.8034641317986005
1642,FBXO44,0.606813506828594
1643,GNG12,0.8853472162882833
1644,SRARP,0.1681464041820966
1645,SPSB1,0.1306394430074227
1646,SNRNP40,0.9360654429668055
1647,KIRREL1,0.7335454702263224
1648,ZFP69,0.9260168165523212
1649,RAB4A,0.7052721907332288
1650,POU3F1,0.7194299839705365
1651,C1orf100,0.4681432545447596
1652,KCND3,0.48025501699429063
1653,NDC1,0.4486120956242987
1654,TMED5,0.22087413733567218
1655,CERS2,0.6754534332902461
1656,OR10K2,0.4649513065649099
1657,CYP4B1,0.08157209460189296
1658,FBXO28,0.6021753072883016
1659,OTUD7B,0.5121078330263931
1660,RAB7B,0.8168730407518408
1661,PTAFR,0.8685871160442475
1662,CD46,0.3389789561609249
1663,ZFYVE9,0.8745068485508313
1664,MTARC1,0.4484619825388232
1665,H2BC21,0.9852481696038644
1666,DISP1,0.5818606655512615
1667,FAM163A,0.7406138243832846
1668,GDAP2,0.15096793928231378
1669,CACYBP,0.9436628557837881
1670,VPS45,0.6993742300763384
1671,DNAJC8,0.8726793176058014
1672,FCRL2,0.9266442788720073
1673,FGGY,0.6336933993479504
1674,SZRD1,0.317546368420743
1675,DAB1,0.002860603599642686
1676,AK4,0.21212353352016733
1677,REN,0.6740410196374889
1678,ARHGEF11,0.6288087906998174
1679,SPRTN,0.6761878023321477
1680,ZSCAN20,0.6367859938394836
1681,ZNHIT6,0.13690867068473656
1682,ROR1,0.48636929747224567
1683,TRNP1,0.227595658080622
1684,ZBTB48,0.7704072621628353
1685,EPRS1,0.6710034150382103
1686,SPRR2F,0.020093353261145475
1687,METTL13,0.5200193028912297
1688,CLCA4,0.12210511442908323
1689,KDM5B,0.9673481030209988
1690,IL23R,0.6308854481900774
1691,GCLM,0.09741862615104924
1692,SLC66A1,0.4517216171550238
1693,TMIGD3,0.5398914113164628
1694,SH3D21,0.14230273309295205
1695,VANGL2,0.13823780035478694
1696,LAMTOR5,0.7680155328344683
1697,RRAGC,0.15194266747139684
1698,PPP2R5A,0.9458193181489367
1699,MYCL,0.62471451588015
1700,ECE1,0.52655877084853
1701,QSOX1,0.09811953086995107
1702,OR14I1,0.9231745382757411
1703,FAM183A,0.2623906197308158
1704,TAF12,0.7993835303811069
1705,EIF3I,0.7269024849928531
1706,ACP6,0.46112051575154944
1707,SPATA21,0.035778971815655036
1708,S100A4,0.715143087776541
1709,PPIAL4F,0.4357753639263492
1710,PRAMEF10,0.9481272984433708
1711,CEPT1,0.6386183509630169
1712,RPRD2,0.1004835496120029
1713,OR10T2,0.5276479756952568
1714,P3R3URF-PIK3R3,0.43218596380909347
1715,C1orf115,0.8826249492137632
1716,CAMTA1,0.9541382622407457
1717,APOA2,0.6520024510695783
1718,ZNF687,0.6310995043089137
1719,COQ8A,0.5336551618027361
1720,NTMT2,0.8906608844322155
1721,NUP133,0.6098913380447488
1722,SAMD11,0.338389040921379
1723,PHLDA3,0.5063112309002477
1724,SOX13,0.6724712368768029
1725,C1orf185,0.24840436136244481
1726,PRUNE1,0.6743319795228876
1727,MRPS21,0.03611626318506922
1728,FAM189B,0.974486153058037
1729,TRIT1,0.13305834551168716
1730,PADI1,0.6696369017658668
1731,RNF11,0.6410262051995286
1732,CNKSR1,0.8417237672741108
1733,BTBD8,0.5520803902838167
1734,SLAMF6,0.9708432854038527
1735,SLC19A2,0.025927630862272566
1736,SF3A3,0.06832762459105246
1737,KIAA0319L,0.2504961086648184
1738,ACTA1,0.6138639651346405
1739,LRRC38,0.15887672840813427
1740,FDPS,0.6934080623710721
1741,SELENOF,0.3379716156468697
1742,HFM1,0.38516126761796055
1743,ERI3,0.15430701994189333
1744,L1TD1,0.16700283545122097
1745,YY1AP1,0.6143073962770244
1746,PAQR7,0.41851070699315984
1747,PM20D1,0.9062704968156584
1748,KNCN,0.7751544550834327
1749,DTL,0.3752525332334462
1750,GNAI3,0.3034192954873979
1751,CRNN,0.012845517500724268
1752,SYT6,0.35732581099011307
1753,PARS2,0.401880489148399
1754,ACADM,0.10042586454155666
1755,TMEM269,0.7197629220823767
1756,OR2T8,0.738820362414794
1757,CATSPERE,0.342173039252364
1758,S1PR1,0.5890892602355529
1759,PAFAH2,0.847374475716102
1760,ADAR,0.5637185694357937
1761,C1orf159,0.9567391089507139
1762,CLEC20A,0.0035072280623145158
1763,TEX38,0.08369845139227838
1764,ATPAF1,0.15426226792375752
1765,PRMT6,0.9480425347339776
1766,IRF2BP2,0.5499452378749279
1767,SDF4,0.8161659615201703
1768,GLMN,0.8939916026377186
1769,SLC27A3,0.8295275305950839
1770,IFFO2,0.8213799557350618
1771,MCOLN3,0.38665994228598
1772,FLG,0.7008905356850527
1773,PLEKHN1,0.5983852864396818
1774,PADI6,0.24631962428551923
1775,ZNF362,0.491319846994675
1776,CTNNBIP1,0.49235687517467497
1777,OR2C3,0.27950670398894173
1778,HNRNPCL2,0.922049546718752
1779,GPR137B,0.613779791462941
1780,SPATA6,0.8720588510903147
1781,LGALS8,0.17050089957589176
1782,BRINP3,0.5850613663108408
1783,PRPF38A,0.43756617156752753
1784,TP53BP2,0.6665917101393187
1785,TMEM201,0.9764831641259125
1786,CCT3,0.8001488928067289
1787,ASPM,0.7233086205017739
1788,FOXJ3,0.6668121726466948
1789,CENPS,0.4805881347176476
1790,TNFSF18,0.6843387759079863
1791,LRRN2,0.9277859000772063
1792,RSBN1,0.7464023986613304
1793,HHAT,0.9166350034725635
1794,FAM151A,0.046509200866448275
1795,HRNR,0.201589365682609
1796,LRRC8C,0.48429784096038053
1797,SLC35E2B,0.7157891273784714
1798,POGZ,0.01136532593588424
1799,GFI1,0.7177576880162596
1800,OR2M2,0.008663991347023003
1801,KCNA2,0.5200976119005154
1802,SHE,0.17273006218251863
1803,PHTF1,0.8436847014714366
1804,LCE1C,0.5022898000828884
1805,UBXN10,0.7442354317536982
1806,ACBD6,0.06293745488275682
1807,ARV1,0.19814561958297228
1808,PRAMEF4,0.3785503979112973
1809,DAP3,0.6310419409755612
1810,CCDC27,0.27060398706254374
1811,LCE2B,0.08365253914599535
1812,RAB3B,0.34016511788805304
1813,GBP2,0.8544206695126451
1814,MRPL37,0.35585589509412296
1815,DPYD,0.6336524445740134
1816,AUNIP,0.2985249378915834
1817,EVA1B,0.9271513397900902
1818,LINGO4,0.5461541895936167
1819,EYA3,0.5862555751292837
1820,GLMP,0.31454651857482696
1821,GJB3,0.5673710931870724
1822,SRSF11,0.24356748005279494
1823,SEC22B,0.12207975233262158
1824,DEDD,0.05494099683931197
1825,PYCR2,0.018642764989389327
1826,PRAMEF17,0.6366250630789838
1827,DDOST,0.021681782831525553
1828,NSL1,0.6339950942561369
1829,C1orf74,0.6400371266114578
1830,OR14A2,0.33586615536071995
1831,SF3B4,0.4863834798105102
1832,PTPRU,0.16069946033938987
1833,RHBG,0.6788989697432475
1834,ANKRD13C,0.35196628634855665
1835,RPL5,0.9534564557518468
1836,SPRR4,0.8622768748332461
1837,CCDC28B,0.12335336702479804
1838,ITGB3BP,0.5552031610175565
1839,C8B,0.10929183889853855
1840,IL19,0.4778370887544626
1841,MYSM1,0.10090714764493702
1842,TMEM54,0.2971827618802916
1843,ZNF281,0.3473896498261865
1844,C1orf43,0.33400720868980227
1845,TRAF5,0.7764886767203132
1846,SARS1,0.3692004501957399
1847,TTC39A,0.2618526693819513
1848,GJA5,0.9490759748119003
1849,FCRL5,0.6283729664036579
1850,OR10J1,0.1030089354880116
1851,AMY1B,0.45163639681563494
1852,MEAF6,0.605011060266287
1853,ARTN,0.5641424795665995
1854,RHOC,0.5062093899287443
1855,RNF186,0.659347724137198
1856,C1orf216,0.7357487228861898
1857,LMNA,0.8092162768302411
1858,ATXN7L2,0.571510685068425
1859,TRIM62,0.7572136225622192
1860,GBP3,0.5769387116585969
1861,FHAD1,0.4268118272243092
1862,PARK7,0.4158630853594746
1863,RGS16,0.11589271866728601
1864,TSEN15,0.3638285710186312
1865,ST6GALNAC3,0.395107970552528
1866,FBXO2,0.7252813866654376
1867,RER1,0.24205666905304923
1868,HNRNPCL4,0.5941880825884126
1869,ANGPTL3,0.18322385167248023
1870,AMPD2,0.9913389386845277
1871,SCNN1D,0.018107305288392106
1872,CDK11A,0.9633455129074546
1873,C1QA,0.05724570448167998
1874,GPATCH3,0.7362261371584823
1875,ASCL5,0.17154351282345792
1876,PGM1,0.646800806120358
1877,TMEM125,0.23797867014527008
1878,HJV,0.5009388147488408
1879,PRELP,0.5773134756423509
1880,IFI6,0.5442979099764215
1881,TBX19,0.441175991005314
1882,RGS13,0.8249727461778666
1883,LRRC47,0.7424962188324118
1884,SERTAD4,0.32211679122310966
1885,KDM4A,0.1039524094649753
1886,EFNA4,0.9618282662098099
1887,CD53,0.08593708908825137
1888,CFAP57,0.6272303861678201
1889,PRAMEF8,0.2102930316407653
1890,TAS1R3,0.35819168616876396
1891,LIX1L,0.6941468909455476
1892,GALNT2,0.24656681681982273
1893,CAMK2N1,0.4104918589420248
1894,SVBP,0.09550406848345405
1895,LRRC71,0.7342683338480385
1896,SLC25A33,0.44761337838020465
1897,DHRS3,0.4089368769694821
1898,PRPF3,0.812018960632858
1899,PPP1R8,0.26182995687430766
1900,BCL10,0.5700398099034903
1901,ARMH1,0.13021620388526534
1902,AP4B1,0.30147119865195915
1903,APOBEC4,0.9592967604260668
1904,RABGAP1L,0.8632248023239951
1905,PSEN2,0.674111845687833
1906,NOC2L,0.48923335811087365
1907,RAB29,0.9879986737032443
1908,NUDT4B,0.050222118562250784
1909,MPC2,0.7463877688558045
1910,TCEA3,0.4642905364485871
1911,GALE,0.5811338296146836
1912,FAM89A,0.02844365369058377
1913,CCN1,0.58306452768175
1914,FOXO6,0.4594295822578204
1915,CNN3,0.18107646018388668
1916,C1orf52,0.8912731050734642
1917,USP48,0.5871024056614114
1918,TYW3,0.21939824117821982
1919,GON4L,0.18794008098030823
1920,BLZF1,0.35997380045080396
1921,HP1BP3,0.8687383633586234
1922,SRSF10,0.8527090293253966
1923,SNAP47,0.27274142171425364
1924,PRAMEF11,0.6901172099325407
1925,KPNA6,0.1483352617801883
1926,ID3,0.7814998934726868
1927,PLA2G2E,0.4723074046676825
1928,ALDH4A1,0.5336146085562237
1929,ZYG11A,0.7939497444540176
1930,ZP4,0.9560291656970323
1931,AXDND1,0.07078758326015788
1932,PIK3C2B,0.19886260674206446
1933,UROD,0.04812236019357341
1934,SDC3,0.3932313305456595
1935,MMEL1,0.6117797872111728
1936,OR2T6,0.5296081579305512
1937,HHIPL2,0.5261716360930363
1938,PRDX1,0.8113256195209171
1939,CRYZ,0.6806158676541356
1940,ITLN1,0.8215758218512219
1941,TSNAX-DISC1,0.9752316018515779
1942,SLC16A1,0.389857849463061
1943,TRIM17,0.12198865430278538
1944,CFHR5,0.2419754300945578
1945,ARHGAP29,0.3912161414888018
1946,C1orf53,0.6512954464813685
1947,CELF3,0.3973018167235708
1948,ELOA,0.724867500538673
1949,KLF17,0.5154737416851868
1950,OR1C1,0.24607531308091724
1951,MMACHC,0.25211078712123736
1952,FAAH,0.809441418461631
1953,PACC1,0.987597523913197
1954,VHLL,0.22227024946556873
1955,NMNAT1,0.9763168906615541
1956,SPRR2D,0.009209954440818624
1957,RYR2,0.4539859868179976
1958,NR0B2,0.39164737469414224
1959,DENND2D,0.32071350939236476
1960,CD84,0.4562793802355647
1961,SETSIP,0.47172883429766976
1962,GNL2,0.10635349093723423
1963,MOV10,0.7811334989436333
1964,KCNQ4,0.5767342915295618
1965,TRIM63,0.34621761424046027
1966,VCAM1,0.4034010228408902
1967,OR2T3,0.037619537025551764
1968,TOR3A,0.5490384481933704
1969,SLC9C2,0.02088851875946407
1970,CREB3L4,0.5590526204656476
1971,NOTCH2,0.3541686541695691
1972,ANXA9,0.2115404175441662
1973,FAM20B,0.8903769043229117
1974,KANK4,0.21245425861515943
1975,SYTL1,0.41549405828217745
1976,PLPP3,0.09380928294483992
1977,SHC1,0.3818376921698309
1978,OR2T11,0.3220505941387678
1979,BRINP2,0.24578183330071135
1980,PPIE,0.624947829761276
1981,CRB1,0.8581907224002397
1982,TRIM33,0.4931152673318726
1983,SPATA1,0.3851943019090066
